CREATE TABLE usuarios (id_user INTEGER PRIMARY KEY AUTOINCREMENT, username TEXT, password TEXT, edad INTEGER, altura INTEGER, peso INTEGER);
INSERT INTO usuarios (username, password, edad, altura, peso) values ('andres', 'VzAKqLxRg2qDlkBstR/grg==', 22, 182, 95);
INSERT INTO usuarios (username, password, edad, altura, peso) values ('larissa', 'BeOCLGqmrNqRcvaSGoGnPQ==', 20, 160, 42);
CREATE TABLE ejercicio (id_ejercicio INTEGER PRIMARY KEY AUTOINCREMENT, ejercicio_name TEXT, tipo TEXT, instrucciones TEXT);
INSERT INTO ejercicio (ejercicio_name, tipo, instrucciones) values ("bicicleta", "cardio"," Pedalea sentado durante 5 minutos. Coloca más carga y comienza a pedalear parándote sobre la bicicleta, esta posición hace que trabajen más específicamente los glúteos, mantén por 3 minutos. Vuelve a bajar la carga y recupérate pedaleando nuevamente sentado durante 3 minutos. Pasado ese tiempo sube muy levemente la carga, apenas para sentir un mínima resistencia, porque vas a trabajar en velocidad; aumenta la frecuencia de pedaleo hasta la máxima velocidad que puedas controlar, mantén por 30 segundos y baja la frecuencia durante 1 y 1/2 a 3 minutos para recuperarte. Vuelve a repetir todo unas 5 o 6 veces. Terminado el ejercicio de velocidad, sigue pedaleando suave durante unos 7 u 8 minutos para volver a la calma.");
INSERT INTO ejercicio (ejercicio_name, tipo, instrucciones) values ("caminadora", "cardio","1. Calienta caminando ligeramente y luego rápidamente (5 minutos). 2. Camina sobre inclinación (2 minutos).3. Corre rápido, mas no a toda velocidad (4 minutos).4. Repite los pasos 1 y 2 (6 veces). 5. Enfríate caminando ligeramente (4 minutos).Total 45 minutos.");
INSERT INTO ejercicio (ejercicio_name, tipo, instrucciones) values ("cross trainer", "cardio","Toma 45 minutos. Es la rutina más universal de todas. 5 minutos de calentamiento. 5 minutos paso lento. 5 minutos trotando. 5 minutos intermedio, cerca a nuestro límite. 5 minutos velocidad máxima. 5 minutos intermedio, cerca a nuestro límite 5 minutos trotando. 5 minutos paso lento. 5 minutos de enfriamiento.");
INSERT INTO ejercicio (ejercicio_name, tipo, instrucciones) values ("stepper", "cardio","utilizar por 15 a 20 minutos.");
INSERT INTO ejercicio (ejercicio_name, tipo, instrucciones) values ("mancuerna", "fuerza","Sentado, se sostiene una mancuerna de forma vertical  (como  se   observa  en  la   imágen), apoyando  el brazo en el muslo a la altura del codo.Se flexionará el brazo hasta levantar el peso y luego descenderemos  de forma controlada hasta llegar a la posición inicial.  Recuerda  que  el   movimiento  es  únicamente   del brazo y no deberás ayudarte por medio del balanceo del  cuerpo.  Se trabajará el biceps en toda su extensión.");
INSERT INTO ejercicio (ejercicio_name, tipo, instrucciones) values ("jalon polea", "fuerza","De pie, utilizando un equipo con polea, se colocan las manos  en pronación (con las palmas hacia abajo),sosteniendo firmemente la barra recta que se utiliza para el  equipo de polea. Las manos estarán en línea recta  o ligeramente  por adentro de los hombros y se formará un ángulo de 90 grados entre el brazo y  el antebrazo.Luego se extenderán los brazos con el consiguiente  movimiento hacia abajo hasta casi tocarse los muslos con la barra. Posteriormente, flexionas los  brazos hasta llevarlos a la posición inicial.  Con este ejercicio se entrena principalmente la cabeza  lateral del triceps.  Una variante de este ejercicio, es cuando sostienes la  barra  de   la  polea  con   las  manos en supinación (con las palmas hacia arriba) y realizas el mismo movimiento  antes descrito.  En  este   caso,  trabajarás principalmente la cabeza medial.");
INSERT INTO ejercicio (ejercicio_name, tipo, instrucciones) values ("jalon polea invertida", "fuerza","De pie,   agarrando  la  barra   de  la  polea   tal y como se muestra en la imágen, extenderás todo el brazo hasta llevar el antebrazo en línea recta con el brazo. Luego  regresarás lentamente  a  la posición original. Recuerda que el movimiento es únicamente del  antebrazo,   permaneciendo  los  brazos   en  la  misma posición y sin ayudarte del impulso del cuerpo.  Entrenarás el triceps en su totalidad.   Debido a su posición (un poco incómoda para principiantes y  fácil de realizar movimientos inadecuados), es preferible que sea ejecutado por culturistas intermedios  o avanzados.");
INSERT INTO ejercicio (ejercicio_name, tipo, instrucciones) values ("predicador con barra", "fuerza","Sentado(a) en el banco Scott o banco para predicador,sostén una barra con pesas en la forma indicada en la gráfica de arriba y luego flexiona  los brazos a nivel de ambos codos,  posteriormente regresa la barra a su posición original pero sin dejarla caer de golpe.  Con   este  ejercicio  trabajarás  el  biceps en  toda su extensión. Los culturistas de mayor experiencia, deberán  realizar dicho ejercicio  con  flexión   y  extensión de los brazos de forma muy lenta.");
INSERT INTO ejercicio (ejercicio_name, tipo, instrucciones) values ("press banca", "fuerza","Acostado en una banca plana, agarras la barra que esta  colocada en su sostén (como se observa   en  el dibujo). Cuando estes listo y preferiblemente con otra  persona que pueda ayudarte en el caso de que no puedas levantar el peso, inicia la flexión de ambos miembros  superiores acercando el peso  a  tu   pecho, cuando hayas tocado o casi tocado tu pecho, inmediatamente  extenderás los brazos  para  llegar   a  la posición con que iniciaste.");
INSERT INTO ejercicio (ejercicio_name, tipo, instrucciones) values ("press banca inclinada", "fuerza","Colocado en una banca inclinada (generalmente a 45 grados),  sostienes la barra que esta en su sostén. Cuando estes listo y preferiblemente con otra persona que  pueda ayudarte en el caso de que no puedas levantar el peso, inicia la flexión de ambos brazos  acercando el peso  a  tu   pecho. Cuando hayas tocado o casi tocado tu pecho, inmediatamente subes a tu posición  inicial, siempre conservando una línea recta al bajar y subir. De todos los ejercicios para pecho, este  es  uno   de  los  que   más  te  hará   resaltar  tus pectorales, ya que se trabaja principalmente, la región  superior del pectoral mayor.");
INSERT INTO ejercicio (ejercicio_name, tipo, instrucciones) values ("remo maquina", "fuerza","Sientate en la máquina de remo y  ajusta la posición para extender por   completo  los  brazos. Realiza  la flexión de ambos brazos hasta que  las muñecas esten alineadas con el pecho. Posteriormente regresarás a la posición original de forma  lenta y controlada. Recuerda  que  en   la  mayoría  de   los  ejercicios para espalda, la clave esta en realizar  el desplazamiento sin ayuda del peso del cuerpo, para que de esa forma trabajen los músculos que estamos  ejercitando. La región de la espalda que entrenarás  son   las  que  llamamos   aletas  y  que   incluyen  los  músculos redondo mayor, infraespinoso  y dorsal ancho.");
CREATE TABLE rutinas (id_rutina INTEGER PRIMARY KEY AUTOINCREMENT, rutina_name TEXT, pertenece TEXT);
INSERT INTO rutinas (rutina_name, pertenece) values ("Solo Cardio", "sistema");
INSERT INTO rutinas (rutina_name, pertenece) values ("Solo Fuerza", "sistema");
INSERT INTO rutinas (rutina_name, pertenece) values ("Suave", "propia");
INSERT INTO rutinas (rutina_name, pertenece) values ("Mucho musculo", "propia");
INSERT INTO rutinas (rutina_name, pertenece) values ("Balanceado", "sistema");
CREATE TABLE lista_ejercicios (id_lista INTEGER PRIMARY KEY AUTOINCREMENT, ejercicio TEXT, rutina INTEGER, calorias INTEGER, tiempo TEXT);
INSERT INTO lista_ejercicios (ejercicio, rutina, calorias, tiempo) values ("remo maquina", 1, 105, 20);
INSERT INTO lista_ejercicios (ejercicio, rutina, calorias, tiempo) values ("bicicleta", 1, 350, 45);
INSERT INTO lista_ejercicios (ejercicio, rutina, calorias, tiempo) values ("press banca", 1, 200, 10);
INSERT INTO lista_ejercicios (ejercicio, rutina, calorias, tiempo) values ("mancuerna", 2, 560, 5);
INSERT INTO lista_ejercicios (ejercicio, rutina, calorias, tiempo) values ("bicicleta", 2, 400, 30);
INSERT INTO lista_ejercicios (ejercicio, rutina, calorias, tiempo) values ("mancuerna", 5, 560, 5);
INSERT INTO lista_ejercicios (ejercicio, rutina, calorias, tiempo) values ("bicicleta", 5, 400, 30);
INSERT INTO lista_ejercicios (ejercicio, rutina, calorias, tiempo) values ("press banca", 3, 200, 10);
INSERT INTO lista_ejercicios (ejercicio, rutina, calorias, tiempo) values ("mancuerna", 3, 560, 5);
INSERT INTO lista_ejercicios (ejercicio, rutina, calorias, tiempo) values ("mancuerna", 4, 560, 5);
INSERT INTO lista_ejercicios (ejercicio, rutina, calorias, tiempo) values ("bicicleta", 4, 400, 30);
CREATE TABLE lista_rutinas (id_listarutina INTEGER PRIMARY KEY AUTOINCREMENT, rutina INTEGER, listarutina_name TEXT);
INSERT INTO  lista_rutinas (rutina, listarutina_name) values (2, "Solo Fuerza");
INSERT INTO  lista_rutinas (rutina, listarutina_name) values (1, "Solo Cardio");
INSERT INTO  lista_rutinas (rutina, listarutina_name) values (5, "Balanceado");
INSERT INTO  lista_rutinas (rutina, listarutina_name) values (3, "Suave");
INSERT INTO  lista_rutinas (rutina, listarutina_name) values (4, "Mucho musculo");
CREATE TABLE ayuda (id_ayuda INTEGER PRIMARY KEY AUTOINCREMENT, name TEXT, hablada TEXT);
INSERT INTO  ayuda (name, hablada) values ("Ver el ranking", "El Ranking es un listado con los ejercicios que usted ha realizado, estan acomodados en orden descendente segun sea el mas trabajado.");
INSERT INTO  ayuda (name, hablada) values ("El perfil", "En el perfil se encuentran 3 datos principales, edad, estatura y peso. Cada uno puede ser modificado y estos datos se guardaran cuando se presione el boton actualizar.");
INSERT INTO  ayuda (name, hablada) values ("Hacer un ejercicio", "Cuando se ingresa a la ventana ejercicios, se tiene 2 opciones Cardio o Fuerza. Cada uno tiene su lista de ejercicios. Si desea realizar un ejercicio se presiona el boton iniciar para que el cronometro trabaje, una vez que finaliza presiona Detener para que los datos del tiempo sean guardados. ");
INSERT INTO  ayuda (name, hablada) values ("Hacer una rutina", "En la ventana Crear Rutina cuenta con la opcion de ingresar el nombre de la rutina que desea crear, seguido de los ejercicios que puede elegir, si desea ingresar un nuevo ejercicio presiona el boton Nuevo Ejercicio para que este sea guardado. Una vez que finaliza presiona el boton Crear Rutina.");
INSERT INTO  ayuda (name, hablada) values ("Entender Estadisticas", "Cuando se ingresa a la ventana de estadistica se debe elegir la opción de la rutina que desea verificar. Este muestra la cantidad de ejercicios, el tiempo y las calorias de dicha rutina.En la opcion ejercicio, se elige el ejercicio de esa rutina y se muestra el tiempo y las calorias quemadas.");
INSERT INTO  ayuda (name, hablada) values ("Actualización", "En el botón actualizar se buscará nuevas actualizaciones, estas estarán cada mes.");